Account_ID,Account_Name,Account_Name_English,Account_Code,Account_Group,Account_Group_Code,Account_Status,Customer_Class,Sales_Area,Phone,Phone_1,Office_Phone,Factory_Phone,Website,Facebook,Billing_City,Billing_Province,Billing_Country,Shipping_City,Shipping_Province,Shipping_Country,Thai_Tax_ID,Register_Capital,Created_Time,Modified_Time,Last_Activity_Time,Owner,Tags,Industry,Org_Type,TSIC_ID,Billing_Street,Vol_FIBC_Per_Years,FIBC_Sling_Usage_Year
3015191000038509000,เบ็ทเทอร์ ฟาร์ม่า,,,,,New Accounts,,Key Account,0-,,,,,,,ลพบุรี,,,,,0105521018041,,20220920T08:51:27+07:00,20240722T16:59:01+07:00,20251215T09:44:57+07:00,ศิริษา ศรีสุข,ศิริษา,,บริษัทจำกัด,1055,216 ถนน สระบุรีหล่มสัก ตำบล ช่องสาริกา อำเภอพัฒนานิคม ลพบุรี 15220,,
3015191000026259000,บี.เค. มิเนอรัล จำกัด,,,,,New Accounts,,QNorth,0-,,026545771,036 658 313,,,กทม.,ลพบุรี,,,ลพบุรี,,0105547166871,1000000,20210916T17:37:38+07:00,20251125T14:16:03+07:00,20251215T16:24:07+07:00,สุนิษา ภิญโญ,,2.2.1.3 ปูนขาว,บริษัทจำกัด,20113,242/2 ซ.ศาลเจ้าคลองเตย ถ.พระราม4 คลองเตย กรุงเทพฯ,,
3015191000022126000,โชคศิลาสระบุรี,,0558AA,,,Active,,QCentral,0-,,,,,,อำเภอเฉลิมพระเกียรติ,สระบุรี,ประเทศไทย,,,,0193541000243,6000000,20210614T09:03:51+07:00,20250424T14:03:30+07:00,20250424T14:03:45+07:00,วีรวรรณ รอบแคว้น,"Account ซ้ำกัน, โอนออก",2.2.1.3 ปูนขาว,ห้างหุ้นส่วนจำกัด,8101,9/9 หมู่ที่ 6 ตำบลพุแค,500,
3015191000047446000,ช.บุญชูพืชผล,,,,,New Accounts,,QCentral,0362266497,,036 226 597,,,,,พระนครศรีอยุธยา,,,,,0145552000641,5000000,20230523T09:35:29+07:00,20250505T15:18:04+07:00,20251222T16:14:16+07:00,วีรวรรณ รอบแคว้น,,2.1.5 เมล็ดพันธ์,บริษัทจำกัด,10611,97/2 หมู่ที่ 4 ต.บ้านร่อม อ.ท่าเรือ,,
3015191000007518000,ปูนซีเมนต์เอเซีย,,0238AA,0238ปูนซีเมนต์เอเซีย(ปูนตราบัวหลวง),0238,Active,,QNorth,02 641 5600,,0362401702,,,,,,,,,,0107539000197,,20190906T15:35:41+07:00,20250606T19:07:11+07:00,20251215T16:23:38+07:00,วีรวรรณ รอบแคว้น,FIBC,2.2.1.1 Cement,บริษัทมหาชนจำกัด,23941,23/124 ซอย ศูนย์วิจัย ถนน พระรามเก้า แขวง บางกะปิ เขต ห้วยขวาง กรุงเทพมหานคร 10310,,
3015191000052242000,ภูมิใจไทยซีเมนต์,,,,,New Accounts,,QCentral,036240800,,027160731,,www.tpcc.co.th,,,สระบุรี,,,,,0105546126859,1300000000,20230927T10:08:23+07:00,20250404T11:52:51+07:00,20250922T11:43:12+07:00,วีรวรรณ รอบแคว้น,,2.2.1.3 ปูนขาว,บริษัทจำกัด,23941,2034/132161 อาคารอิตัลไทยทาวเวอร์ ชั้น 34 ถนนเพชรบุรีตัดใหม่ แขวงบางกะปิ เขตห้วยขวาง กรุงเทพมหานคร,,
3015191000046658000,โกลเด้น ที เค เอเชีย,,,,,New Accounts,,QCentral,036262588,,028826832,,https://www.gtmmortar.com/goldencointh/,,,สระบุรี,,,,,0105559096767,1000000,20230428T16:10:16+07:00,20250606T14:00:25+07:00,20251215T16:23:12+07:00,วีรวรรณ รอบแคว้น,โทรไม่ติด,2.2.1.4 ปูนพลาสเตอร์,บริษัทจำกัด,23942,108/1 หมู่ที่ 10 ตำบลสองคอน อำเภอแก่งคอย,,
3015191000019384000,ทรูรีเฟลคเตอร์,,,,,New Accounts,,QCentral,036-262838,036 262 838,0818152523,,,,,สระบุรี,,,,,0195544000564,,20210226T13:05:39+07:00,20250529T09:50:32+07:00,20251215T16:24:53+07:00,วีรวรรณ รอบแคว้น,"PPW 010k, BD",2.2.3 สีทาถนน,บริษัทจำกัด,32909,222/3 หมู่ที่ 7 ต.ทับกวาง อ.แก่งคอย,,
3015191000082441000,ห้าดาวเคมีภัณฑ์,,,,,,,QCentral,036268888,,0655840408,,,,,สระบุรี,,,,,0195540000667,20000000,20250626T11:02:18+07:00,20251204T09:26:49+07:00,20251204T10:41:36+07:00,วีรวรรณ รอบแคว้น,PPW 35k,2.1.2 ปุ๋ยอินทรีย์/สารปรับปรุงดิน/สารเสริมพืช(ไม่ทำปุ๋ยเคมี),บริษัทจำกัด,,145/1 หมู่ที11 จ.พระพุทธบาท,,
3015191000014453000,โรงสี ส.ประเสริฐชัย,,,,,New Accounts,,QCentral,036301033,,0819471230,081 947 0756,,,,สระบุรี,,,,,0195545000169,,20201005T11:03:18+07:00,20250609T14:09:31+07:00,20251222T14:20:24+07:00,วีรวรรณ รอบแคว้น,"FIBC, PPW 510k",1.2.1.1 ข้าวตรา,บริษัทจำกัด,10611,18 หมู่ที่ 2 ต.บ้านยาง อ.เสาไห้,,
3015191000007652400,วิวัฒน์กสิกิจ,,0123AA,0123วิวัฒน์กสิกิจ (ปุ๋ยเคมี ตราเต่าบิน),0123,Active,,QCentral,036307331,,0888652828,036307331,,,,สระบุรี,,,สระบุรี,,0105547010536,,20190913T14:39:58+07:00,20250404T11:52:38+07:00,20251224T09:52:28+07:00,วีรวรรณ รอบแคว้น,PPW 20k50k,2.1.1 ปุ๋ยเคมี,บริษัทจำกัด,20121,21/32 ซอยศาลาธรรมสพน์ 14 แขวงศาลาธรรมสพน์ เขตทวีวัฒนา กรุงเทพ 10170,,
3015191000020694000,ชลสิทธิ์เอ็นเตอร์ไพรส์,,0531AC,,,Active,,QCentral,0-,,0813532560,,,,,สระบุรี,,,,,0193548001156,,20210410T13:22:43+07:00,20250404T11:52:38+07:00,20250704T10:31:57+07:00,วีรวรรณ รอบแคว้น,"PPW 10k20k, Pond",1.2.2.1 โรงน้ำแข็ง,ห้างหุ้นส่วนจำกัด,10795,162/1 หมู่ที่ 2 ต.คำพราน อ.วังม่วง,,
3015191000014247400,มากอตโต,,0230AA,0230มาก็อตโต้,0230,Active,,QCentral,036383570,,036379015,036383570,https://www.magotteaux.com/,,อ.เสาไห้,สระบุรี,,,สระบุรี,,0105533138861,560000000,20200925T16:18:25+07:00,20250404T11:52:51+07:00,20251215T16:25:55+07:00,วีรวรรณ รอบแคว้น,FIBC,2.7 Non Food อื่นๆ,บริษัทจำกัด,28240,ต.หัวปลวก,1500,
3015191000016574500,บจก.ดี.พี.อาร์.อินเตอร์ไรซ์,,,,,New Accounts,,QCentral,036-385300,,036385300,,,,บ้านหมอ,สระบุรี,,,,,0195553000989,,20201203T15:34:42+07:00,20250404T11:52:23+07:00,20250427T20:02:54+07:00,วีรวรรณ รอบแคว้น,เลิกกิจการ,1.2.1.1 ข้าวตรา,บริษัทจำกัด,10611,39 หมู่ที่ 5 ตำบล ไผ่ขวาง อำเภอ บ้านหมอ,,
3015191000044239400,โรงน้ำแข็งลพบุรี,,,,,New Accounts,,QNorth,036411058,,0819945899,,,,,ลพบุรี,,,,,,,20230227T13:03:57+07:00,20250617T08:48:38+07:00,20251111T16:04:30+07:00,สุนิษา ภิญโญ,,1.2.2.1 โรงน้ำแข็ง,นามบุคคล,,"294, ถนนศรีปราชญ์, ตำบลทะเลชุบศร อำเภอเมืองลพบุรี",,
3015191000055362000,ธนานพ เทรดดิ้ง,,,,,New Accounts,,QNorth,036461254,,,,https://www.thananoptrading.com/,,,ลพบุรี,,,,,0165547000263,4000000,20231212T16:39:50+07:00,20240722T17:06:05+07:00,20251223T11:07:56+07:00,สุนิษา ภิญโญ,,2.1.5 เมล็ดพันธ์,บริษัทจำกัด,46201,17 หมู่ที่ 3 ต.ลำนารายณ์ อ.ชัยบาดาล,,
3015191000017811500,ลพบุรีสตาร์ช,,,,,New Accounts,,QNorth,036462362,,0819471588,,,,,ลพบุรี,,,,,0165543000331,,20210109T13:18:25+07:00,20240722T17:06:54+07:00,20251215T16:24:30+07:00,สุนิษา ภิญโญ,FIBC,1.2.3.1 โรงงานแป้งมัน,บริษัทจำกัด,,9 หมู่ที่ 6 ต.นิคมลำนารายณ์ อ.ชัยบาดาล,,
3015191000046398000,คุณประกอบ (ไทยกวงน้ำแข็งหลอด),,,,,New Accounts,,QNorth,036472098,,0819954700,081 619 7666,,,,ลพบุรี,,,,,,,20230420T16:57:30+07:00,20250618T11:22:44+07:00,20251111T15:35:15+07:00,สุนิษา ภิญโญ,,1.2.2.1 โรงน้ำแข็ง,,,66 ม.1 ถ.บางงาบ้านหมี่ ต.สนามแจง อ.บ้านหมี่,,
3015191000016215000,อินโดรามา โพลีเมอร์ส,,,,,NonActive,,QNorth,036489116,,036489117,098 570 0090,,,,ลพบุรี,,,ลพบุรี,,0107547001032,,20201124T15:08:05+07:00,20250424T14:53:14+07:00,20251124T11:43:17+07:00,สุนิษา ภิญโญ,,2.3.2 Plastic Compound Resin,บริษัทมหาชนจำกัด,20131,72 หมู่ที่ 11 ตำบลเขาสมอคอน อำเภอท่าวุ้ง,,
3015191000086110000,ฟายน์ ออกานิก อินดัสตรี้ส์ (ประเทศไทย),,,,,,,QNorth,036-491607,,029601800,,http://www.oft.co.th/,,,ลพบุรี,,,,,0165564001353,150000000,20250925T09:24:15+07:00,20251002T09:51:41+07:00,20251215T09:44:55+07:00,สุนิษา ภิญโญ,,2.7 Non Food อื่นๆ,บริษัทจำกัด,,126/1 หมู่ที่ 1 ตำบลดีลัง อำเภอพัฒนานิคม จ.ลพบุรี 15220,,
3015191000053291000,นีโอ ฟาร์มา เคม,,,,,New Accounts,,QNorth,036-535143,,,,https://www.neofmi.com/,,,สิงห์บุรี,,,,,0105534015372,10000000,20231023T16:36:05+07:00,20240722T17:06:05+07:00,20251202T16:48:38+07:00,สุนิษา ภิญโญ,"PPW 10k20k, FIBC","1.1.1.4 หัวอาหารสัตว์/วิตามินสัตว์ Premix,Bestmix & Feed Supplement",บริษัทจำกัด,10802,54/2 หมู่3 ต.บางระจัน อ.ค่ายบางระจัน จ.สิงห์บุรี 16150,,
3015191000046909000,เปี่ยมสินสมบูรณ์,,,,,New Accounts,,QNorth,036592441,,036592443,036 592 222,,,,สิงห์บุรี,,,สิงห์บุรี,,0173546000128,71000000,20230505T16:58:28+07:00,20250214T11:21:21+07:00,20251121T10:21:48+07:00,สุนิษา ภิญโญ,,1.2.1.2 ข้าวส่งออก,ห้างหุ้นส่วนจำกัด,10611,40 ม.9 ต.ไม้ดัด อ.บางระจัน จ.สิงห์บุรี,,
3015191000013408000,โชคศิลาสระบุรี,,,,,New Accounts,,QCentral,036670774,,0922580779,,,,,สระบุรี,,,,,0193541000243,,20200831T13:44:28+07:00,20250729T16:32:13+07:00,20251117T10:20:05+07:00,วีรวรรณ รอบแคว้น,,2.2.1.3 ปูนขาว,ห้างหุ้นส่วนจำกัด,8101,9/9 หมู่ที่ 6 ต.พุแค อ.เฉลิมพระเกียรติ,,
3015191000013999000,นิพพาน อะโกรเทค,,,,,New Accounts,,QNorth,036680940,,0981053077,,,,,ลพบุรี,,,,,0165555000081,,20200919T15:44:47+07:00,20240722T17:07:09+07:00,20251022T14:40:27+07:00,สุนิษา ภิญโญ,PPW 10k20k,2.1.2 ปุ๋ยอินทรีย์/สารปรับปรุงดิน/สารเสริมพืช(ไม่ทำปุ๋ยเคมี),บริษัทจำกัด,20122,299/1 ม.7 ต.หนองม่วง อ.หนองม่วง,,
3015191000016057000,เพ็ทพัล โปรดักส์,1.07568E+11,,,,New Accounts,,QNorth,036733889,,036733888,,,,,กรุงเทพมหานคร,,,สระบุรี,,,,20201119T16:36:19+07:00,20250722T13:53:08+07:00,20251215T16:25:24+07:00,วีรวรรณ รอบแคว้น,PPW 20k50k,1.1.1.1 โรงงานอาหารสัตว์ Feedmill Company,บริษัทจำกัด,10802,139 ถนนรัชดาภิเษก ดินแดง เขตดินแดง,,
3015191000022645000,ดี ดี นาโนเทค,,,,,New Accounts,,QNorth,036909956,,0979394642,,,,,ลพบุรี,,,สระบุรี,,0165555000269,,20210624T10:56:04+07:00,20240722T17:06:39+07:00,20251216T10:37:29+07:00,สุนิษา ภิญโญ,"PPW 010k, ไม่มีการใช้งาน PPW",2.1.1 ปุ๋ยเคมี,บริษัทจำกัด,20121,191/910 หมู่ที่ 8 ถนนเฉลิมพระเกียรติ ต.ท่าศาลา อ.เมืองลพบุรี,,
3015191000039027000,โครงการโรงสีข้าว มหาวิทยาลัยสวนดุสิต,,,,,New Accounts,,QEast,0-,,,,,,,ปราจีนบุรี,,,ปราจีนบุรี,,,,20221004T18:22:47+07:00,20250530T11:27:47+07:00,20250530T11:27:47+07:00,สุนิสา กล้าแข็ง,,1.2.1.1 ข้าวตรา,บริษัทจำกัด,,,,
3015191000030519300,เอส.เค.เอ็ม ทราฟฟิค,,,,,New Accounts,,QEast,037209384,,,,,,,ปราจีนบุรี,,,,,0203549004981,15250000,20220115T15:10:19+07:00,20240722T16:59:22+07:00,20250527T10:46:54+07:00,สุนิสา กล้าแข็ง,,2.2.3 สีทาถนน,ห้างหุ้นส่วนจำกัด,,2/10 หมู่5 ต.หนองโพรง อ.ศรีมหาโพธิ จังหวัด ปราจีนบุรี. 25140,,
3015191000076205000,โรงสีข้าวเม่งฮวด,,,,,,,QEast,037241537,,,,,,,สระแก้ว,,,,,0275557000443,5000000,20250217T14:06:32+07:00,20250522T10:54:24+07:00,20251215T09:44:55+07:00,ใหม่ พันธวงษ์,,1.2.1.1 ข้าวตรา,บริษัทจำกัด,10611,13 ถนนสุวรรณศร ต.สระแก้ว อ.เมืองสระแก้ว,,
3015191000051039000,วาย.เค.น้ำแข็งหลอดน้ำดื่ม,,,,,New Accounts,,QEast,037241765,,,037241765,,,เมือง,สระแก้ว,,,สระแก้ว,,0273560000741,1000000,20230829T17:04:33+07:00,20240722T17:06:05+07:00,20250704T09:27:19+07:00,สุนิสา กล้าแข็ง,,1.2.2.1 โรงน้ำแข็ง,ห้างหุ้นส่วนจำกัด,10795,2/1 ซ.2 ถนนเทศบาล20 ต.สระแก้ว,,
3015191000007601000,เกษตรอุตสาหกรรม,ESIA,0277AB,0277น้ำตาลตะวันออก,0277,Active,,QEast,037261510,,037261306,,https://www.esgroup.co.th/th/business/esia,,,กรุงเทพมหานคร,,,สระแก้ว,,0105530058344,,20190911T11:44:15+07:00,20250530T13:46:32+07:00,20250530T13:57:44+07:00,สุนิสา กล้าแข็ง,,2.1.2 ปุ๋ยอินทรีย์/สารปรับปรุงดิน/สารเสริมพืช(ไม่ทำปุ๋ยเคมี),บริษัทจำกัด,20121,78 ถนนเจริญกรุง แขวงบางรัก เขตบางรัก,,
3015191000009866000,ซันชาย ไบโอเทค อินเตอร์เนชั่นแนล,,0347AA,,,Active,,QEast,037-278806,,037278800,,www.sunshinethai.net,,,ปราจีนบุรี,,,ปราจีนบุรี,,0255552000216,,20200129T16:00:49+07:00,20240722T12:09:26+07:00,20251218T13:23:42+07:00,สุนิสา กล้าแข็ง,รอ Verify,2.4.3 กำมะถัน,บริษัทจำกัด,,,,
3015191000030519300,สถิตย์กุล ธัญกิจ,,,,,New Accounts,,QEast,037295198,,,,,,,ปราจีนบุรี,,,,,0255545000257,,20220115T11:50:33+07:00,20240722T17:06:39+07:00,20251215T09:44:57+07:00,สุนิสา กล้าแข็ง,,1.2.1.1 ข้าวตรา,บริษัทจำกัด,10611,50 ม.1 ต.บางแตน อ.บ้านสร้าง,,
3015191000019202000,เก๋าไซร์ ไอซ์ นครนายก,,0522AC,,,Active,,QCentral,037313311,0945514242,0875317444,0875317444,,,,นครนายก,,,นครนายก,,0263563000342,1000000,20210220T13:41:27+07:00,20240924T10:37:46+07:00,20251104T10:37:12+07:00,วีรวรรณ รอบแคว้น,PPW 010k,1.2.2.1 โรงน้ำแข็ง,ห้างหุ้นส่วนจำกัด,10795,117 หมู่ที่ 3 ต.ทองหลาง อ.บ้านนา จ.นครนายก,,
3015191000076205000,โรงสีเพียรประเสริฐ,,,,,,,QEast,037480745,,037480745,,,,,ปราจีนบุรี,,,,,,,20250217T10:40:58+07:00,20250522T10:59:07+07:00,20251215T09:44:55+07:00,ใหม่ พันธวงษ์,,1.2.1.1 ข้าวตรา,นามบุคคล,10795,60 ม.13 ต.เมืองเก่า อ.กบินทร์บุรี,,
3015191000044152300,บ.รุ่งเรืองผล จำกัด,,,,,New Accounts,,QEast,037-511252,,037252959,,,,,สระแก้ว,,,สระแก้ว,,0275560000904,,20230223T17:12:52+07:00,20240722T17:06:20+07:00,20251215T09:44:57+07:00,สุนิสา กล้าแข็ง,,1.1.1.3 อาหารสัตว์เลี้ยง/ผลิตภัณฑ์สัตว์เลี้ยง Petfood&Product,บริษัทจำกัด,46209,1 หมู่ที่ 2 ต.คลองหินปูน อ.วังน้ำเย็น จ.สระแก้ว,,
3015191000053724000,บริษัท สระแก้วเจริญ จำกัด สาขา 00003,,,,,New Accounts,,QEast,037540042,0817769845,037540042,,,,,สระแก้ว,,,,,0105534002327,300000000,20231101T11:51:03+07:00,20250702T15:24:48+07:00,20251215T09:44:55+07:00,สุนิสา กล้าแข็ง,,1.2.3.1 โรงงานแป้งมัน,บริษัทจำกัด,10622,40 หมู่ 4 ถ.สุวรรณศร ต.บ้านแก้ง อ.เมือง,,
3015191000053889000,ที คิว อินดัสทรีสตาร์ช,,,,,New Accounts,,QEast,037609858,0989293988,0985488266,,,,,สระแก้ว,,,,,0305553001371,280000000,20231106T15:33:12+07:00,20250530T16:15:42+07:00,20251215T09:44:55+07:00,สุนิสา กล้าแข็ง,,1.2.3.1 โรงงานแป้งมัน,บริษัทจำกัด,10622,234 หมู่ที่ 9 ต.ตาพระยา อ.ตาพระยา จ.สระแก้ว,,
3015191000055187000,คิวยีลด์ แอสโซซิเอท,,,,,New Accounts,,QCentral,02-5487290-3,,,,,,,กรุงเทพมหานคร,,,นครนายก,,0105535013543,80000000,20231207T20:52:35+07:00,20250210T14:14:08+07:00,20251128T15:19:26+07:00,วีรวรรณ รอบแคว้น,,2.1.1 ปุ๋ยเคมี,บริษัทจำกัด,47733,715 ถนนหทัยราษฎร์ แขวงบางชัน เขตคลองสามวา,,
3015191000076981000,โฮยู คอสเมติคส์ (ประเทศไทย),,,,,,,QEast,0-,,038 047 050,,,,,ชลบุรี,,,,,0105546050046,402000000,20250303T09:48:43+07:00,20250522T10:00:31+07:00,20251215T09:44:55+07:00,ใหม่ พันธวงษ์,,2.7 Non Food อื่นๆ,บริษัทจำกัด,20232,700/624 หมู่ที่ 7 นิคมอุตสาหกรรมอมตะซิตี้ ชลบุรี ต.ดอนหัวฬ่อ อ.เมืองชลบุรี,,
3015191000062769000,โรงสีไฟสามัคคีกิจธัญญา,,,,,New Accounts,,QEast,0-,,,,,,,ชลบุรี,,,,,0205522000064,,20240516T15:08:38+07:00,20250526T11:26:07+07:00,20250526T15:27:14+07:00,สุนิสา กล้าแข็ง,Account ซ้ำกัน,1.2.1.2 ข้าวส่งออก,บริษัทจำกัด,47214,,,
3015191000038122500,ไทยโพลีเอสเตอร์,,0412AA,,,Active,,QEast,0-,,024160112,,http://www.thaipolyester.com/,,,กรุงเทพมหานคร,,,ชลบุรี,,0105544023912,3026000000,20200421T11:15:30+07:00,20240722T12:14:30+07:00,20251224T12:21:16+07:00,สุนิสา กล้าแข็ง,,2.7 Non Food อื่นๆ,บริษัทจำกัด,,470 ถนนบางขุนเทียนชายทะเล แขวงแสมดำ เขตบางขุนเทียน กรุงเทพมหานคร,,
3015191000070258000,น้ำแข็งพนม 1,,,,,,,QEast,0-,,,,,,พนมสารคาม,ฉะเชิงเทรา,,,,,0245522000013,14535604,20241023T12:18:29+07:00,20241023T12:34:25+07:00,20251226T11:25:00+07:00,สุนิสา กล้าแข็ง,,1.2.2.1 โรงน้ำแข็ง,บริษัทจำกัด,,444/3 หมู่ที่ 1 ต.พนมสารคาม อ.พนมสารคาม,,
3015191000077191000,ดุ้นอัน เมทอลส์ (ประเทศไทย),,,,,,,QEast,0-,,,,,,,ระยอง,,,,,0105551066389,1671247300,20250307T09:59:32+07:00,20250522T09:58:35+07:00,20251215T09:44:55+07:00,ใหม่ พันธวงษ์,,2.7 Non Food อื่นๆ,บริษัทจำกัด,28191,7/278 หมู่ที่ 6 ต.มาบยางพร อ.ปลวกแดง,,
3015191000076721000,เอ็นพีซี สยาม,,,,,,,QEast,0-,,,,,,,ระยอง,,,,,0205555032011,,20250226T16:14:50+07:00,20250522T09:35:02+07:00,20251215T09:44:55+07:00,ใหม่ พันธวงษ์,ไม่มีการใช้งาน PPW,2.7 Non Food อื่นๆ,บริษัทจำกัด,28230,7/397 หมู่ที่ 6 ต.มาบยางพร อ.ปลวกแดง,,
3015191000007518000,โซลเวย์ เพอรอกซิไทย,Solvay Peroxythai,0258AA,0258โซลเวย์ เพอรอกซิไทย จำกัด,0258,Active,,QEast,0-,038 918 709,,,https://www.solvay.com/th/thailand,,,ระยอง,,,ระยอง,,0105530037339,,20190906T15:35:45+07:00,20240722T17:04:02+07:00,20251215T09:45:01+07:00,สุนิสา กล้าแข็ง,รอ Verify,2.3.1 Basic Resin,บริษัทจำกัด,20113,,1200,
3015191000007553000,เอส แอนด์ แอล สเปเชียลตี้ โพลิเมอร์ จำกัด,,0254AA,0254เอส แอนด์ แอลสเปเชียลตี้ โพลิเมอร์ จำกัด,0254,Active,,QEast,0 3801 0210,,038010205,,,,,ระยอง,,,ระยอง,,0105556062314,,20190909T14:49:15+07:00,20240722T12:09:26+07:00,20251215T09:45:01+07:00,สุนิสา กล้าแข็ง,รอ Verify,2.3.2 Plastic Compound Resin,บริษัทจำกัด,,,,
3015191000007553000,แอมคอล อินเตอร์เนชั่นแนล (ไทยแลนด์ ),,0256AA,0256แอมคอล อินเตอร์เนชั่นแนล (ไทยแลนด์),0256,Active,,QEast,038016871,,038016875,,,,,ระยอง,,,ระยอง,,0105540006444,,20190909T14:49:14+07:00,20240726T14:16:26+07:00,20251215T09:45:01+07:00,สุนิสา กล้าแข็ง,,2.4.3 กำมะถัน,บริษัทจำกัด,,,,
3015191000031791000,ทีพีบีไอ,,,,,NonActive,,QEast,0-2429-0354,,03801743,,,,,นครปฐม,,,ระยอง,,0107558000199,416879900,20220222T09:02:33+07:00,20240722T12:09:26+07:00,20251215T09:44:57+07:00,สุนิสา กล้าแข็ง,,2.3.2 Plastic Compound Resin,บริษัทมหาชนจำกัด,,42/174 หมู่ที่ 5 ซอยศรีเสถียรนิเวศน์ ถนนเพชรเกษม ตำบลไร่ขิง อำเภอสามพราน,,
3015191000080459000,บริษัท อีโคบลู จำกัด,,,,,,,QEast,038018324,,,,,,,ระยอง,,,,,0215555005863,137650000,20250516T09:30:06+07:00,20250522T13:59:31+07:00,20251215T09:44:55+07:00,ใหม่ พันธวงษ์,,2.3.2 Plastic Compound Resin,บริษัทจำกัด,22299,60/91 นิคมอุตสาหกรรมสยามอีสเทิร์นอินดัสเตรียลพาร์ค หมู่ที่ 3 ต.มาบยางพร อ.ปลวกแดง,,
3015191000014211000,ร่วมกำชัย,,,,,New Accounts,,QEast,038-612916,,038020015,,http://www.rkcrice.com/,,ระยอง,ระยอง,,,,,0215559002184,,20200925T09:18:49+07:00,20240722T17:07:09+07:00,20251215T09:44:58+07:00,สุนิสา กล้าแข็ง,,1.2.1.1 ข้าวตรา,บริษัทจำกัด,46315,52 ม. 3 ถ.บายพาส 36 ต.ทับมา,,
3015191000019143000,ไตรอัลลายน์แอนซ์ แพ็คเก็จจิ้ง,,,,,New Accounts,,QEast,038029134,,0954810686,,https://www.triallianc.co.th/,,,ระยอง,,,,,0215552003860,,20210219T11:17:07+07:00,20250530T14:45:07+07:00,20250530T14:46:50+07:00,สุนิสา กล้าแข็ง,,,บริษัทจำกัด,46694,100/7 หมู่ที่ 3 ต.พลา อ.บ้านฉาง จ.ระยอง,,
3015191000007553000,เค.เอ็ม.พี.ไบโอเทค,,0110AA,0110เค.เอ็ม.พี.ไบโอเทค,0110,Active,,QEast,03805403638,038054036,,,http://www.kmpbiotech.com/th/kmp/,,,ชลบุรี,,,ชลบุรี,,0115543001982,,20190909T11:03:57+07:00,20240722T12:09:26+07:00,20251217T09:37:15+07:00,สุนิสา กล้าแข็ง,รอ Verify,"1.1.1.4 หัวอาหารสัตว์/วิตามินสัตว์ Premix,Bestmix & Feed Supplement",บริษัทจำกัด,,188/9 หมู่ที่ 2 ต.คลองตำหรุ อ.เมืองชลบุรี จ.ชลบุรี,,
3015191000032954000,เซียว เซียง เคมีคอล อินดัสทรี (ไทยแลนด์),,,,,New Accounts,,QEast,038016345,,038016345,,https://www.xiaoxiangchem.co.th,,,ระยอง,ไทย,,,,0735559001949,100000000,20220331T14:07:10+07:00,20240730T13:50:35+07:00,20251223T11:36:34+07:00,สุนิสา กล้าแข็ง,,2.3.2 Plastic Compound Resin,บริษัทจำกัด,20299,นิคมอุตสาหกรรมไทยจีน อมตะซิตี้ 7/5 หมู่ที่ 4 ตำบลพนานิคม อำเภอนิคมพัฒนา ​จังหวัดระยอง 21180,,
3015191000056209400,กฤติกา น้ำแข็งหลอด,,,,,New Accounts,,QEast,038069654,,038069655,,,,,ชลบุรี,,,,,0205550012993,16000000,20240104T14:33:22+07:00,20240722T17:06:05+07:00,20251226T15:00:54+07:00,สุนิสา กล้าแข็ง,,1.2.2.1 โรงน้ำแข็ง,บริษัทจำกัด,10795,47/78 หมู่ที่ 8 ต.หนองปลาไหล อ.บางละมุง จ.ชลบุรี,,
3015191000024998000,ที.ที.เค. ฟีดมิลล์,,0587AA,,,Active,,QEast,0-3881-8170,,,,,,,ฉะเชิงเทรา,,,,,0245531000128,4000000,20210819T15:30:21+07:00,20240722T17:03:46+07:00,20251215T09:44:58+07:00,สุนิสา กล้าแข็ง,,1.1.1.3 อาหารสัตว์เลี้ยง/ผลิตภัณฑ์สัตว์เลี้ยง Petfood&Product,บริษัทจำกัด,10802,59/1 หมู่ที่ 4 ต.บางตีนเป็ด อ.เมืองฉะเชิงเทรา จ.ฉะเชิงเทรา,,
3015191000007518000,อินทัช อุตสาหกรรม (ประเทศไทย),,0307AA,0307อินทัช อุตสาหกรรม (ประเทศไทย),0307,Active,,QEast,038088088,,,,www.intouchthailand.com,,อำเภอบ้านโพธิ์,ฉะเชิงเทรา,,,,,0105557122663,,20190906T15:35:44+07:00,20250523T14:51:10+07:00,20251215T09:45:01+07:00,สุนิสา กล้าแข็ง,รอ Verify,1.2.3.2 แป้งอาหาร/Modified Starch,บริษัทจำกัด,10613,99 หมู่ที่ 3 ตำบลลาดขวาง อำเภอบ้านโพธิ์ จังหวัดฉะเชิงเทรา 24140,,
3015191000039792000,น้ำแข็งนภัส,,,,,New Accounts,,QEast,0-3881-8170,,0801051328,,,,,ฉะเชิงเทรา,,,,,0245548001211,5000000,20221031T10:31:48+07:00,20240722T17:06:20+07:00,20251226T17:09:42+07:00,สุนิสา กล้าแข็ง,,1.2.2.1 โรงน้ำแข็ง,บริษัทจำกัด,10795,444/3 หมู่ที่ 1 ต.พนมสารคาม อ.พนมสารคาม จ.ฉะเชิงเทรา,,
3015191000025059000,บุญพิศาล,,,,,New Accounts,,QCentral,034-581785-6,,026162472,,,,,ฉะเชิงเทรา,,,,,0245538000565,33999000,20210821T22:35:49+07:00,20241111T15:09:54+07:00,20241111T15:09:54+07:00,วรางคณา กัณหาชาติ,โอนออก,1.1.1.1 โรงงานอาหารสัตว์ Feedmill Company,บริษัทจำกัด,,29/4 หมู่ที่ 9 ต.บางขนาก อ.บางน้ำเปรี้ยว,,
3015191000078818000,โรงน้ำแข็ง สุขสวัสดิ์พันเสด็จ,,,,,,,QEast,038119166,,0816831619,,,,,ชลบุรี,,,,,0205554015296,1000000,20250407T17:13:03+07:00,20250522T09:41:37+07:00,20251225T11:28:37+07:00,ใหม่ พันธวงษ์,,1.2.2.1 โรงน้ำแข็ง,บริษัทจำกัด,10795,391/4 หมู่ที่ 10 ต.เขาคันทรง อ.ศรีราชา,,
3015191000012785000,นาโน แมททีเรียลส์ เทคโนโลยี,,0452AA,0452  บจก. นาโน แมททีเรียลส์ เทคโนโลยี,0452,Active,,QEast,0381194056,,0381194056,,,,อ.บ้านบึง,ชลบุรี,,,ชลบุรี,,0205551001324,,20200723T14:14:31+07:00,20240722T17:03:46+07:00,20251215T09:45:01+07:00,สุนิสา กล้าแข็ง,,2.7 Non Food อื่นๆ,บริษัทจำกัด,46691,310/1 ม.1 ถนนยุทธศาสตร์ 331 ต.หนองไผ่แก้ว,,
3015191000077379000,บริษัท ชลาหาร จำกัด,,,,,,,QEast,0-3827-8621,,,,,,,ชลบุรี,,,,,0205518000055,20000000,20250311T16:47:32+07:00,20250522T09:52:28+07:00,20251215T09:44:55+07:00,ใหม่ พันธวงษ์,,1.1.2.1 วัตถุดิบอาหารสัตว์ ข้าวโพด/ซังข้าวโพด,บริษัทจำกัด,10414,50 หมู่ที่ 4 ถนนหนองข้างคอก ต.หนองข้างคอก อ.เมืองชลบุรี,,
3015191000085273000,อิชิซูกะ เคมิคอล ( ประเทศไทย ),,,,,,,Key Account,038-192541,,038212372,,,,,ชลบุรี,20170,,,,0205555035681,95000000,20250903T23:06:56+07:00,20251112T14:25:45+07:00,20251215T09:44:55+07:00,ปุณยวีร์ สพัดรัมย์,,2.3.2 Plastic Compound Resin,บริษัทจำกัด,,119/29 หมู่ที่ 2 ต.หนองบอนแดง อ.บ้านบึง,,
3015191000088522000,โอกาโมโต ลอจิสติกส์ (ประเทศไทย),,,,,,,QEast,03821027883,,038 210 278,,,,,ชลบุรี,,,,,0115539008846,,20251107T08:17:55+07:00,20251107T08:17:55+07:00,20251126T16:20:59+07:00,ใหม่ พันธวงษ์,,2.7 Non Food อื่นๆ,บริษัทจำกัด,,700/655 หมู่1  บางนาตราด พานทอง พานทอง ชลบุรี,,
3015191000007520000,ไดนาชิสโซ่ ไทย,,0259AA,0259ไดนาชิสโซ่ไทย,0259,NonActive,,QEast,038213107,,038213105,,https://www.dynachisso.com/,,,ชลบุรี,,,ชลบุรี,,0115543000463,120000000,20190906T15:35:57+07:00,20240726T14:15:27+07:00,20251215T09:45:01+07:00,สุนิสา กล้าแข็ง,"เครือ ปตท, FIBC, PPW",2.3.2 Plastic Compound Resin,บริษัทจำกัด,20131,,500,
3015191000056427000,ไทย มะรุมะ โทไค,,,,,New Accounts,,QEast,038213390,,038213352,,,,,ชลบุรี,20000,,ชลบุรี,,0205546007751,10000000,20240109T10:10:02+07:00,20240722T17:02:51+07:00,20251215T09:44:55+07:00,สุนิสา กล้าแข็ง,,2.3.1 Basic Resin,บริษัทจำกัด,,700/130 หมู่ที่ 6 ซอยพานิชชีวะ 8 ถนนบางนาตราด กม. 57 ต.หนองไม้แดง อ.เมืองชลบุรี,,
3015191000003441000,เอ็น วาย ดิวอลลอปเม้น,,0321AA,0321เอ็น วาย ดิวอลลอปเม้น,0321,Active,,QEast,038219178,038219348,,,,,ชลบุรี,ชลบุรี,,,,,0105550042974,,20181107T16:29:47+07:00,20251015T12:49:26+07:00,20251215T09:45:01+07:00,สุนิสา กล้าแข็ง,"รอ Verify, โทรไม่ติด",2.1.2 ปุ๋ยอินทรีย์/สารปรับปรุงดิน/สารเสริมพืช(ไม่ทำปุ๋ยเคมี),บริษัทจำกัด,,420 ม.5 ต.หนองใหญ่ อ.หนองใหญ่ จ.ชลบุรี,,
3015191000077325000,ซิมสุลาลัย,,,,,,,QEast,038219676,,0812953800,,,,,ชลบุรี,,,,,0205550013850,5000000,20250310T15:58:31+07:00,20250310T15:58:31+07:00,20251210T16:37:53+07:00,สุนิสา กล้าแข็ง,,2.1.2 ปุ๋ยอินทรีย์/สารปรับปรุงดิน/สารเสริมพืช(ไม่ทำปุ๋ยเคมี),บริษัทจำกัด,,222 หมู่ที่ 2 ต.หนองเสือช้าง อ.หนองใหญ่,,
3015191000014268000,บริษัท พี.เอส.ซี. สตาร์ช โปรดักส์ จำกัด (มหาชน),,0396AA,,,Active,,QCentral,0-3821-9732,,038219698,,http://www.pscstarch.com/,,,สมุทรปราการ,,,,,0107548000102,,20200926T10:06:53+07:00,20250919T11:22:43+07:00,20250919T11:22:43+07:00,วีรวรรณ รอบแคว้น,โอนออก,1.2.3.1 โรงงานแป้งมัน,บริษัทมหาชนจำกัด,10799,299 หมู่ที่ 2 ซอยบางเมฆขาว ถนนสุขุมวิท ตำบลท้ายบ้าน อำเภอเมืองสมุทรปราการ จ.สมุทรปราการ 10280,,
3015191000010572300,ชอไชยวัฒน์อุตสาหกรรม,,0397AA,,,Active,,QEast,038-190525,,038239123,,,,ชลบุรี,ชลบุรี,,,,,0105532085217,,20200319T08:56:43+07:00,20240722T17:03:46+07:00,20251218T12:06:58+07:00,สุนิสา กล้าแข็ง,รอ Verify,1.2.3.1 โรงงานแป้งมัน,บริษัทจำกัด,10622,198/30 ม.10 ต.ห้วยใหญ่ อ.เมืองชลบุรี,,
3015191000037400000,โค้วชั่งเอี๊ยะอุตสาหกรรมแป้งมันและสาคู,,,,,New Accounts,,QEast,038-249045 หรือ 0813401311,,038249010,,http://www.kcestarch.in.th/productth.html,,อำเภอบางละมุง,ชลบุรี,,,,,0205541001399,10000000,20220822T20:10:38+07:00,20240722T17:06:39+07:00,20251216T11:43:21+07:00,สุนิสา กล้าแข็ง,,1.2.3.2 แป้งอาหาร/Modified Starch,บริษัทจำกัด,10622,101 หมู่ 1 ตำบลหนองปรือ,,
3015191000022983000,ยูนิค เทคโนโลยี (ไทยแลนด์),,,,,NonActive,,QEast,038296458,038296352,038296458,038296458,http://www.unicgroup.com/,,,ชลบุรี,ไทย,,ชลบุรี,,0205541002352,,20210702T18:16:22+07:00,20240726T16:22:42+07:00,20251215T09:44:58+07:00,สุนิสา กล้าแข็ง,,2.7 Non Food อื่นๆ,บริษัทจำกัด,20131,789/26 หมู่ที่ 1 ต.หนองขาม อ.ศรีราชา,,
3015191000067636000,เทยองโพลีเทค,,,,,,,QEast,038340328,,0863234837,,https://typcompound.com,,,ชลบุรี,20230,,,,0205552016872,25000000,20240827T12:52:08+07:00,20240827T12:52:08+07:00,20251215T09:44:55+07:00,สุนิสา กล้าแข็ง,,2.3.2 Plastic Compound Resin,บริษัทจำกัด,,163/10 หมู่ 3 ถนนห้วยสะพาน ตำบลบึง อำเภอศรีราชา,,
3015191000071439400,มัตซึดะ ซังเกียว (ประเทศไทย),,,,,,,QEast,0 3575 9001,035729001,0383453279,,,,,พระนครศรีอยุธยา,,,,,0135543004132,240000000,20241114T16:18:33+07:00,20250522T13:50:33+07:00,20251215T09:44:55+07:00,ใหม่ พันธวงษ์,FIBC,2.7 Non Food อื่นๆ,บริษัทจำกัด,24201,148 หมู่ 1 ต.บ้านเลน อ.บางปะอิน,,
3015191000080945000,อินโนเวชั่น โพลีมิกซ์,,,,,,,QEast,023755197,,038348313,,,,,ชลบุรี,,,ชลบุรี,,0105555057929,32000000,20250528T13:25:33+07:00,20250704T15:50:24+07:00,20251219T15:32:20+07:00,ใหม่ พันธวงษ์,,2.3.2 Plastic Compound Resin,บริษัทจำกัด,22299,789/129 หมู่ที่ 1 ต.หนองขาม อ.ศรีราชา,,
3015191000000385000,อ่าวไทยคลังสินค้า,,0008AI,0008มิตรผล,08,Active,,Key Account,038350420,,033004802,,http://www.whalelogistics.com/,,,ชลบุรี,Thailand,,ชลบุรี,,0105532120870,,20180219T11:45:40+07:00,20250426T09:48:28+07:00,20251215T09:45:01+07:00,ปุณยวีร์ สพัดรัมย์,,2.7 Non Food อื่นๆ,บริษัทจำกัด,52241,78/2 ม.2 ซอยวัแค ถนนสุขสวัสดิ์ ตำบลปากคลองบางปลากด อำเภอพระสมุทรเจดีย์ จังหวัดสมุทรปราการ 10290,,
3015191000029114000,ไทยโตไกคาร์บอน โปรดักท์,,,,,New Accounts,,QEast,02-2663232,,,,http://www.tcp.co.th/,,ชลบุรี,ชลบุรี,,,,,0105532100151,,20211203T11:43:49+07:00,20240726T14:20:22+07:00,20251215T09:44:58+07:00,สุนิสา กล้าแข็ง,,2.7 Non Food อื่นๆ,บริษัทจำกัด,,42/2 ม.1 ถ.สุขุมวิท ต.ทุ่งสุขลา อ.ศรีราชา,,
3015191000052253000,โรงสี​ไฟสามัคคี​กิจธัญญา,,,,,New Accounts,,QEast,0-3846-1316,,038461316,,,,,ชลบุรี,,,,,0205522000064,5000000,20230927T16:26:21+07:00,20250527T16:35:04+07:00,20250527T16:35:04+07:00,สุนิสา กล้าแข็ง,,1.2.1.2 ข้าวส่งออก,บริษัทจำกัด,47214,45/3 หมู่ที่ 10 ถนนสุขประยูร ต.หน้าพระธาตุ อ.พนัสนิคม,,
3015191000038619000,บูรพา พรอสเพอร์,,,,,New Accounts,,QEast,038-391503,0863447579,,,http://www.burapaprosper.com/,,,ชลบุรี,,,,,0205552008284,100000000,20220922T10:45:48+07:00,20240722T17:06:39+07:00,20251215T09:44:57+07:00,สุนิสา กล้าแข็ง,,1.2.3.2 แป้งอาหาร/Modified Starch,บริษัทจำกัด,10615,"236, 238 ถนนบางแสนล่าง ตำบล แสนสุข อำเภอเมือง จังหวัดชลบุรี 20130",,
3015191000083986000,โรงงานจิระนันท์น้ำแข็งหลอด(พัทยา),,,,,,,QEast,038425868,,,,,,,ชลบุรี,,,,,,,20250731T12:29:49+07:00,20250731T12:29:49+07:00,20251226T11:22:33+07:00,สุนิสา กล้าแข็ง,,1.2.2.1 โรงน้ำแข็ง,บริษัทจำกัด,,186 หมู่ 9 ซ.สุขุมวิทพัทยา 46 ต.พัทยา อ.บางละมุง,,
3015191000087981000,ไทย วันเดอร์ฟูล วาย เคเบิล,,,,,,,QEast,02-3618681,,0388451436,,,,,ชลบุรี,,,ชลบุรี,,0105533046479,214457400,20251029T10:52:12+07:00,20251029T10:52:12+07:00,20251224T10:07:23+07:00,สุนิสา กล้าแข็ง,,2.7 Non Food อื่นๆ,บริษัทจำกัด,,5252/1 หมู่ที่ 5 ถนนพานทอง ต.หนองกะขะ อ.พานทอง จ.ชลบุรี,,
3015191000028087300,พนัส ฟีดมิลล์,,0175AC,,,NonActive,,QEast,0-3829-3622,,0996250176,,,,,ชลบุรี,,,,,0205554008826,,20211104T17:42:25+07:00,20240726T13:43:33+07:00,20251008T13:57:19+07:00,สุนิสา กล้าแข็ง,,1.1.1.1 โรงงานอาหารสัตว์ Feedmill Company,บริษัทจำกัด,,59 หมู่ที่ 5 ต.หมอนนาง อ.พนัสนิคม จ.ชลบุรี,,
3015191000078910000,เทพพนา พลัส,,,,,,,QEast,038461216,,,,,,,ชลบุรี,,,,,0205562026561,5000000,20250409T11:47:36+07:00,20250522T09:38:22+07:00,20251118T15:23:21+07:00,ใหม่ พันธวงษ์,,1.1.2.1 วัตถุดิบอาหารสัตว์ ข้าวโพด/ซังข้าวโพด,บริษัทจำกัด,10802,29/3 หมู่ที่ 11 ต.ไร่หลักทอง อ.พนัสนิคม,,
3015191000039692300,ไมเท็กซ์ โพลิเมอร์ (ประเทศไทย),,,,,New Accounts,,QEast,038468551,,022671854,,,,,กรุงเทพมหานคร,,,ชลบุรี,,0105551002534,120000000,20221025T13:59:48+07:00,20251216T14:03:17+07:00,20251216T14:04:46+07:00,ใหม่ พันธวงษ์,,2.3.2 Plastic Compound Resin,บริษัทจำกัด,,100/60 อาคารสาธรนครทาวเวอร์ ชั้นที่ 29 ถนนสาทรเหนือ สีลม เขตบางรัก,,
3015191000054213000,วี.เอส.เค.อินเตอร์เทรด (1989),,,,,New Accounts,,QEast,0-3847-6298,,029196215,,,,,ชลบุรี,,,,,0205532001586,10000000,20231113T14:24:02+07:00,20240722T17:06:05+07:00,20251215T09:44:55+07:00,สุนิสา กล้าแข็ง,,"1.1.1.4 หัวอาหารสัตว์/วิตามินสัตว์ Premix,Bestmix & Feed Supplement",บริษัทจำกัด,10802,40/3 หมู่ที่ 7 ต.หนองรี อ.เมืองชลบุรี,,
3015191000023452000,อีสเทิร์นซิลิเกต,,,,,New Accounts,,QEast,038480481,,038480482,,http://www.easternsilicate.co.th/,,,ชลบุรี,,,ชลบุรี,,0205529000116,,20210715T10:59:59+07:00,20240726T14:10:08+07:00,20251215T09:44:58+07:00,สุนิสา กล้าแข็ง,,2.7 Non Food อื่นๆ,บริษัทจำกัด,20113,,,
3015191000039444000,พีคิว เคมิคอลส์ (ประเทศไทย),,,,,Active,,QEast,0 3849 0262,,,,,,,ชลบุรี,,,ชลบุรี,,0105534021950,237500000,20221019T09:11:58+07:00,20240722T17:05:34+07:00,20251215T09:44:57+07:00,สุนิสา กล้าแข็ง,,2.4.3 กำมะถัน,บริษัทจำกัด,20299,,,
3015191000088964000,เอคโค ออโต้พาร์ท (ไทยแลนด์),,,,,,,Key Account,038-538165,,,,,,,ฉะเชิงเทรา,,,,,0245545001172,240000000,20251117T10:08:54+07:00,20251117T10:08:54+07:00,20251215T09:44:55+07:00,วิไลวรรณ ทองอยู่,,2.3.2 Plastic Compound Resin,บริษัทจำกัด,,13/1 หมู่ที่ 2 ถนนบางนาตราด กม.41 ต.บางวัว อ.บางปะกง จ.ฉะเชิงเทรา,,
3015191000007518000,ข้าวรัชมงคล จำกัด,,0311AA,0311ข้าวรัชมงคล จำกัด,0311,Active,,QEast,03854488,,,,,,ฉะเชิงเทรา,ฉะเชิงเทรา,,,,,0115541004208,,20190906T15:35:40+07:00,20240722T17:04:02+07:00,20251215T09:44:57+07:00,สุนิสา กล้าแข็ง,รอ Verify,1.2.1.1 ข้าวตรา,บริษัทจำกัด,10611,นิคมอุตสาหกรรมเกตเวย์ซิตี้ 76 ม.9 ต.หัวสำโรง อ.แปลงยาว,,
3015191000082264000,โรงน้ำแข็ง ส.สยาม,,,,,,,QEast,038-551429,,,,,,,ฉะเชิงเทรา,,,,,0243542000297,1000000,20250623T15:55:08+07:00,20250624T16:49:19+07:00,20251118T14:41:08+07:00,ใหม่ พันธวงษ์,,1.2.2.1 โรงน้ำแข็ง,ห้างหุ้นส่วนจำกัด,,444/11 หมู่ที่ 1 ต.พนมสารคาม อ.พนมสารคาม,,
3015191000052073000,โรงสีศิริพร,,,,,New Accounts,,QEast,038-566009,,,,,,,ฉะเชิงเทรา,,,,,0245551000441,20000000,20230922T13:52:58+07:00,20250407T22:40:23+07:00,20251215T09:44:57+07:00,ใหม่ พันธวงษ์,,1.2.1.2 ข้าวส่งออก,บริษัทจำกัด,10611,99 ม.9 ต.หมอนทอง อ.บางน้ำเปรี้ยว,,
3015191000072536000,ดูราแพค พรีฟอร์ม,,,,,,,QEast,038-570102-3,,038570102,,,,,ฉะเชิงเทรา,,,,,0245551001464,50000000,20241204T10:45:16+07:00,20250522T11:54:52+07:00,20251209T15:29:18+07:00,ใหม่ พันธวงษ์,,2.3.2 Plastic Compound Resin,บริษัทจำกัด,22220,81 หมู่ที่ 5 นิคมอุตสาหกรรมเวลโกรว์ ถนนบางนาตราด ก.ม.36 ต.บางสมัคร อ.บางปะกง,,
3015191000023036000,เอ็มอีพี เฮคซ่า (ประเทศไทย),,,,,New Accounts,,QEast,038570304,,038570303,,,,,ฉะเชิงเทรา,,,,,0105531095146,,20210705T08:41:16+07:00,20240722T17:06:39+07:00,20251215T09:44:58+07:00,สุนิสา กล้าแข็ง,,2.3.3 Masterbatch,บริษัทจำกัด,22299,102 หมู่ที่ 5 นิคมอุตสาหกรรม เวลโกรว์ ถนนบางนาตราด กม.36 ต.บางสมัคร อ.บางปะกง,,
3015191000076960300,อิมโก้ ฟู๊ดแพ็ค,,,,,,,QEast,038571845,,,,http://www.imcofoodpack.com,,,ฉะเชิงเทรา,,,,,0115545009832,300000000,20250303T11:05:19+07:00,20250407T22:03:02+07:00,20251215T09:44:55+07:00,ใหม่ พันธวงษ์,,2.3.2 Plastic Compound Resin,บริษัทจำกัด,22220,88 หมู่ที่ 1 ตำบลหอมศีล อำเภอบางปะกง,,
3015191000088964000,ทีอี คอนเน็คทิวิตี้ แมนูแฟคเจอริ่ง (ไทยแลนด์),,,,,,,QEast,038579315,,038579404,,,,,ฉะเชิงเทรา,,,,,5556019559,,20251117T09:57:57+07:00,20251117T09:57:57+07:00,20251223T14:47:34+07:00,ใหม่ พันธวงษ์,,2.7 Non Food อื่นๆ,บริษัทจำกัด,,837 หมู่9 หัวสำโรง แปลงยาว ฉะเชิงเทรา 24190,,
3015191000054441000,ง่วนล้ง อินเตอร์ ไรซ์ เทรดดิ้ง,,,,,New Accounts,,QEast,038583234,,,,,,,ฉะเชิงเทรา,,,,,0105544059241,80000000,20231117T13:16:14+07:00,20240722T17:06:05+07:00,20250429T14:58:58+07:00,สุนิสา กล้าแข็ง,,1.2.1.1 ข้าวตรา,บริษัทจำกัด,46206,48/2 หมู่ที่ 9 ต.บางไผ่ อ.เมืองฉะเชิงเทรา,,
3015191000022387000,นูทริแพลนท์,,,,,NonActive,,QEast,038593117,,038593116,,,,,ปทุมธานี,,,ฉะเชิงเทรา,,0135558012411,,20210617T21:03:52+07:00,20250924T12:45:47+07:00,20250924T12:45:47+07:00,สุนิสา กล้าแข็ง,,1.1.1.3 อาหารสัตว์เลี้ยง/ผลิตภัณฑ์สัตว์เลี้ยง Petfood&Product,บริษัทจำกัด,,34/315 หมู่ที่ 3 ต.คลองสาม อ.คลองหลวง,,
3015191000007518000,เอ.เอฟ.ซุปเปอร์เซลล์,A.F.SUPERCELL,0309AA,0309เอเอฟ ซุปเปอร์เซลล์ จำกัด,0309,Active,,QEast,038606027,,038606027,,,,,ระยอง,,,ระยอง,,0105544104416,15000000,20190906T15:35:42+07:00,20240523T16:38:54+07:00,20251215T09:45:01+07:00,สุนิสา กล้าแข็ง,รอ Verify,2.3.1 Basic Resin,บริษัทจำกัด,20299,,,
3015191000085626000,​ เอส.พี.เคมีคอลแอนด์​อีควิปเมนท์​,,,,,,,Key Account,038606331,,,,,,,ระยอง,,,,,0115537002549,,20250911T17:41:31+07:00,20251112T14:25:45+07:00,20251215T09:44:55+07:00,ปุณยวีร์ สพัดรัมย์,,2.3.2 Plastic Compound Resin,บริษัทจำกัด,,,,